CREATE DATABASE  IF NOT EXISTS `sushiland` /*!40100 DEFAULT CHARACTER SET utf8mb4 COLLATE utf8mb4_0900_ai_ci */ /*!80016 DEFAULT ENCRYPTION='N' */;
USE `sushiland`;
-- MySQL dump 10.13  Distrib 8.0.34, for Win64 (x86_64)
--
-- Host: localhost    Database: sushiland
-- ------------------------------------------------------
-- Server version	8.0.34

/*!40101 SET @OLD_CHARACTER_SET_CLIENT=@@CHARACTER_SET_CLIENT */;
/*!40101 SET @OLD_CHARACTER_SET_RESULTS=@@CHARACTER_SET_RESULTS */;
/*!40101 SET @OLD_COLLATION_CONNECTION=@@COLLATION_CONNECTION */;
/*!50503 SET NAMES utf8 */;
/*!40103 SET @OLD_TIME_ZONE=@@TIME_ZONE */;
/*!40103 SET TIME_ZONE='+00:00' */;
/*!40014 SET @OLD_UNIQUE_CHECKS=@@UNIQUE_CHECKS, UNIQUE_CHECKS=0 */;
/*!40014 SET @OLD_FOREIGN_KEY_CHECKS=@@FOREIGN_KEY_CHECKS, FOREIGN_KEY_CHECKS=0 */;
/*!40101 SET @OLD_SQL_MODE=@@SQL_MODE, SQL_MODE='NO_AUTO_VALUE_ON_ZERO' */;
/*!40111 SET @OLD_SQL_NOTES=@@SQL_NOTES, SQL_NOTES=0 */;

--
-- Table structure for table `members`
--

DROP TABLE IF EXISTS `members`;
/*!40101 SET @saved_cs_client     = @@character_set_client */;
/*!50503 SET character_set_client = utf8mb4 */;
CREATE TABLE `members` (
  `Customer_Id` char(1) NOT NULL,
  `Customer_Name` varchar(255) DEFAULT NULL,
  `Join_Date` date DEFAULT NULL,
  PRIMARY KEY (`Customer_Id`)
) ENGINE=InnoDB DEFAULT CHARSET=utf8mb4 COLLATE=utf8mb4_0900_ai_ci;
/*!40101 SET character_set_client = @saved_cs_client */;

--
-- Dumping data for table `members`
--

LOCK TABLES `members` WRITE;
/*!40000 ALTER TABLE `members` DISABLE KEYS */;
INSERT INTO `members` VALUES ('A','Anna','2023-09-12'),('B','Banu','2023-09-10'),('C','Cinnu','2023-09-20');
/*!40000 ALTER TABLE `members` ENABLE KEYS */;
UNLOCK TABLES;

--
-- Table structure for table `menu`
--

DROP TABLE IF EXISTS `menu`;
/*!40101 SET @saved_cs_client     = @@character_set_client */;
/*!50503 SET character_set_client = utf8mb4 */;
CREATE TABLE `menu` (
  `Product_ID` int NOT NULL,
  `Product_Name` varchar(255) DEFAULT NULL,
  `Price` decimal(10,2) DEFAULT NULL,
  PRIMARY KEY (`Product_ID`)
) ENGINE=InnoDB DEFAULT CHARSET=utf8mb4 COLLATE=utf8mb4_0900_ai_ci;
/*!40101 SET character_set_client = @saved_cs_client */;

--
-- Dumping data for table `menu`
--

LOCK TABLES `menu` WRITE;
/*!40000 ALTER TABLE `menu` DISABLE KEYS */;
INSERT INTO `menu` VALUES (1,'Ramen',120.00),(2,'Sushi',100.00),(3,'Curry',150.00);
/*!40000 ALTER TABLE `menu` ENABLE KEYS */;
UNLOCK TABLES;

--
-- Table structure for table `sales`
--

DROP TABLE IF EXISTS `sales`;
/*!40101 SET @saved_cs_client     = @@character_set_client */;
/*!50503 SET character_set_client = utf8mb4 */;
CREATE TABLE `sales` (
  `OrderId` int NOT NULL,
  `Customer_Id` char(1) DEFAULT NULL,
  `Product_Id` int DEFAULT NULL,
  `Order_Date` date DEFAULT NULL,
  PRIMARY KEY (`OrderId`),
  KEY `Customer_Id` (`Customer_Id`),
  KEY `Product_Id` (`Product_Id`),
  CONSTRAINT `sales_ibfk_1` FOREIGN KEY (`Customer_Id`) REFERENCES `members` (`Customer_Id`),
  CONSTRAINT `sales_ibfk_2` FOREIGN KEY (`Product_Id`) REFERENCES `menu` (`Product_ID`)
) ENGINE=InnoDB DEFAULT CHARSET=utf8mb4 COLLATE=utf8mb4_0900_ai_ci;
/*!40101 SET character_set_client = @saved_cs_client */;

--
-- Dumping data for table `sales`
--

LOCK TABLES `sales` WRITE;
/*!40000 ALTER TABLE `sales` DISABLE KEYS */;
INSERT INTO `sales` VALUES (1,'A',1,'2023-09-30'),(2,'B',2,'2023-09-29'),(3,'C',3,'2023-09-28'),(4,'A',1,'2023-09-27'),(5,'B',2,'2023-09-26'),(6,'C',3,'2023-09-25'),(7,'A',1,'2023-09-24'),(8,'B',2,'2023-09-23'),(9,'C',3,'2023-09-22'),(10,'A',1,'2023-09-21'),(11,'B',2,'2023-09-20'),(12,'C',3,'2023-09-19'),(13,'A',1,'2023-09-18'),(14,'B',2,'2023-09-17'),(15,'C',3,'2023-09-16'),(16,'A',1,'2023-09-15'),(17,'B',2,'2023-09-14'),(18,'C',3,'2023-09-13'),(19,'A',1,'2023-09-12'),(20,'B',2,'2023-09-11'),(21,'C',3,'2023-09-10'),(22,'A',1,'2023-09-09'),(23,'B',2,'2023-09-08'),(24,'C',3,'2023-09-07'),(25,'A',1,'2023-09-06'),(26,'B',2,'2023-09-05'),(27,'C',3,'2023-09-04'),(28,'A',1,'2023-09-03'),(29,'B',2,'2023-09-02'),(30,'C',3,'2023-09-01'),(32,'B',2,'2023-09-22'),(33,'B',1,'2023-09-13'),(34,'B',1,'2023-09-12'),(35,'A',3,'2023-09-25'),(36,'C',1,'2023-09-09'),(37,'A',3,'2023-09-27'),(38,'B',1,'2023-09-13'),(39,'B',2,'2023-09-26'),(40,'A',3,'2023-09-22'),(41,'A',1,'2023-09-02'),(42,'C',3,'2023-09-04'),(43,'A',1,'2023-09-11'),(44,'C',3,'2023-09-10'),(45,'B',2,'2023-09-06'),(46,'C',1,'2023-09-24'),(47,'C',1,'2023-09-23'),(48,'B',3,'2023-09-08'),(49,'C',1,'2023-09-30'),(50,'A',1,'2023-09-19'),(51,'B',3,'2023-09-08'),(52,'B',1,'2023-09-10'),(53,'B',2,'2023-09-18'),(54,'B',3,'2023-09-13'),(55,'A',3,'2023-09-26'),(56,'A',3,'2023-09-13'),(57,'C',1,'2023-09-07'),(58,'B',1,'2023-09-15'),(59,'C',1,'2023-09-07'),(60,'C',1,'2023-09-06'),(61,'C',1,'2023-09-20'),(62,'B',2,'2023-09-30'),(63,'B',3,'2023-09-11'),(64,'A',1,'2023-09-06'),(65,'A',1,'2023-09-09'),(66,'A',1,'2023-09-27'),(67,'C',3,'2023-09-25'),(68,'C',1,'2023-09-27'),(69,'A',2,'2023-09-28'),(70,'C',1,'2023-09-14'),(71,'B',1,'2023-09-04'),(72,'A',3,'2023-09-13'),(73,'B',1,'2023-09-07'),(74,'B',1,'2023-09-19'),(75,'A',1,'2023-09-04'),(76,'B',3,'2023-09-27'),(77,'A',3,'2023-09-16'),(78,'A',3,'2023-09-22'),(79,'C',3,'2023-09-15'),(80,'B',1,'2023-09-25'),(81,'B',2,'2023-09-30'),(82,'A',2,'2023-09-11'),(83,'C',2,'2023-09-20'),(84,'B',1,'2023-09-22'),(85,'B',3,'2023-09-03'),(86,'A',1,'2023-09-01'),(87,'C',2,'2023-09-09'),(88,'A',3,'2023-09-18'),(89,'A',2,'2023-09-28'),(90,'A',1,'2023-09-29'),(91,'B',2,'2023-09-01'),(92,'A',3,'2023-09-27'),(93,'A',1,'2023-09-03'),(94,'C',1,'2023-09-16'),(95,'A',2,'2023-09-28'),(96,'B',1,'2023-09-13'),(97,'A',3,'2023-09-19'),(98,'A',1,'2023-09-21'),(99,'A',2,'2023-09-28'),(100,'B',1,'2023-09-14'),(101,'A',3,'2023-09-14'),(102,'C',1,'2023-09-13'),(103,'B',1,'2023-09-14'),(104,'B',3,'2023-09-03'),(105,'B',3,'2023-09-21'),(106,'C',3,'2023-09-03'),(107,'C',2,'2023-09-02'),(108,'A',1,'2023-09-12'),(109,'C',3,'2023-09-12'),(110,'C',2,'2023-09-06'),(111,'A',2,'2023-09-20'),(112,'B',3,'2023-09-25'),(113,'B',1,'2023-09-22'),(114,'B',2,'2023-09-28'),(115,'B',1,'2023-09-17'),(116,'A',1,'2023-09-08'),(117,'C',3,'2023-09-20'),(118,'B',1,'2023-09-07'),(119,'B',3,'2023-09-09'),(120,'A',2,'2023-09-04'),(121,'B',3,'2023-09-26'),(122,'B',2,'2023-09-14'),(123,'A',3,'2023-09-22'),(124,'A',1,'2023-09-04'),(125,'A',3,'2023-09-08'),(126,'A',2,'2023-09-21'),(127,'C',3,'2023-09-30'),(128,'B',1,'2023-09-30'),(129,'B',3,'2023-09-29'),(130,'B',2,'2023-09-22'),(131,'A',1,'2023-09-21'),(133,'B',2,'2023-09-08'),(134,'B',3,'2023-09-19'),(135,'A',2,'2023-09-24'),(136,'A',2,'2023-09-15'),(137,'B',2,'2023-09-24'),(138,'A',3,'2023-09-28'),(139,'A',3,'2023-09-12'),(140,'B',3,'2023-09-01'),(141,'A',2,'2023-09-13'),(142,'B',1,'2023-09-10'),(143,'B',2,'2023-09-06'),(144,'B',2,'2023-09-24'),(145,'B',2,'2023-09-21'),(146,'B',1,'2023-09-08'),(147,'B',3,'2023-09-13'),(148,'A',3,'2023-09-17'),(149,'C',2,'2023-09-30'),(150,'A',3,'2023-09-22'),(151,'A',3,'2023-09-08'),(152,'B',3,'2023-09-10'),(153,'C',1,'2023-09-06'),(154,'B',2,'2023-09-22'),(155,'A',3,'2023-09-26'),(156,'B',1,'2023-09-07'),(157,'A',3,'2023-09-11'),(158,'A',1,'2023-09-16'),(159,'A',1,'2023-09-12'),(160,'B',2,'2023-09-07'),(161,'A',3,'2023-09-13'),(162,'A',3,'2023-09-07'),(163,'A',2,'2023-09-30'),(164,'B',2,'2023-09-28'),(165,'C',2,'2023-09-26'),(166,'A',1,'2023-09-03'),(167,'B',2,'2023-09-07'),(168,'C',2,'2023-09-21'),(169,'C',2,'2023-09-13'),(170,'C',3,'2023-09-08'),(171,'B',1,'2023-09-10'),(172,'C',3,'2023-09-11'),(173,'C',3,'2023-09-03'),(174,'B',2,'2023-09-16'),(175,'A',1,'2023-09-04'),(176,'C',2,'2023-09-22'),(177,'A',1,'2023-09-13'),(178,'B',2,'2023-09-09'),(179,'A',2,'2023-09-08'),(180,'A',3,'2023-09-20'),(181,'C',3,'2023-09-06'),(182,'C',1,'2023-09-26'),(183,'A',3,'2023-09-30'),(184,'B',3,'2023-09-22'),(185,'B',2,'2023-09-16'),(186,'B',3,'2023-09-21'),(187,'B',1,'2023-09-25'),(188,'A',1,'2023-09-22'),(189,'C',1,'2023-09-30'),(190,'B',1,'2023-09-27'),(191,'B',1,'2023-09-03'),(192,'B',3,'2023-09-27'),(193,'B',3,'2023-09-27'),(194,'C',2,'2023-09-10'),(195,'A',3,'2023-09-29'),(196,'B',2,'2023-09-22'),(197,'C',3,'2023-09-02'),(198,'A',1,'2023-09-11'),(199,'A',3,'2023-09-29'),(200,'C',2,'2023-09-08'),(201,'B',1,'2023-09-26'),(202,'B',3,'2023-09-17'),(203,'C',3,'2023-09-28'),(204,'C',1,'2023-09-04'),(205,'A',3,'2023-09-15'),(206,'C',1,'2023-09-17'),(207,'A',2,'2023-09-12'),(208,'B',1,'2023-09-07'),(209,'B',3,'2023-09-17'),(210,'A',2,'2023-09-05'),(211,'B',3,'2023-09-21'),(212,'B',3,'2023-09-04'),(213,'B',2,'2023-09-19'),(214,'C',2,'2023-09-14'),(215,'A',1,'2023-09-01'),(216,'A',3,'2023-09-29'),(217,'C',3,'2023-09-10'),(218,'B',1,'2023-09-03'),(219,'C',3,'2023-09-10'),(220,'A',1,'2023-09-18'),(221,'B',1,'2023-09-23'),(222,'B',2,'2023-09-11'),(223,'C',2,'2023-09-14'),(224,'B',1,'2023-09-27'),(225,'A',1,'2023-09-20'),(226,'B',2,'2023-09-11'),(227,'B',2,'2023-09-07'),(228,'B',3,'2023-09-10'),(229,'A',3,'2023-09-29'),(230,'A',3,'2023-09-17'),(231,'C',1,'2023-09-02'),(232,'C',1,'2023-09-24'),(234,'B',1,'2023-09-30'),(235,'B',2,'2023-09-18'),(236,'B',2,'2023-09-16'),(237,'C',3,'2023-09-19'),(238,'A',1,'2023-09-09'),(239,'B',3,'2023-09-18'),(240,'C',1,'2023-09-26'),(241,'B',1,'2023-09-10'),(242,'B',2,'2023-09-13'),(243,'C',2,'2023-09-27'),(244,'C',1,'2023-09-25'),(245,'A',3,'2023-09-02'),(246,'B',3,'2023-09-20'),(247,'B',3,'2023-09-22'),(248,'C',3,'2023-09-18'),(249,'B',3,'2023-09-13'),(250,'B',3,'2023-09-05'),(251,'B',3,'2023-09-04'),(252,'A',3,'2023-09-25'),(253,'C',1,'2023-09-22'),(254,'B',1,'2023-09-30'),(255,'C',2,'2023-09-10'),(256,'C',2,'2023-09-16'),(257,'C',2,'2023-09-21'),(258,'C',2,'2023-09-22'),(259,'B',3,'2023-09-16'),(260,'B',1,'2023-09-29'),(261,'C',3,'2023-09-02'),(262,'C',3,'2023-09-24'),(263,'A',1,'2023-09-08'),(264,'C',2,'2023-09-26'),(265,'B',2,'2023-09-14'),(266,'B',1,'2023-09-10'),(267,'A',1,'2023-09-25'),(268,'B',3,'2023-09-10'),(269,'C',1,'2023-09-12'),(270,'A',3,'2023-09-19'),(271,'C',3,'2023-09-23'),(272,'B',1,'2023-09-10'),(273,'B',1,'2023-09-01'),(274,'A',3,'2023-09-20'),(275,'C',2,'2023-09-05'),(276,'A',3,'2023-09-25'),(277,'A',1,'2023-09-10'),(278,'A',1,'2023-09-30'),(279,'C',2,'2023-09-28'),(280,'A',3,'2023-09-24'),(281,'B',2,'2023-09-22'),(282,'B',3,'2023-09-24'),(283,'A',3,'2023-09-08'),(284,'C',3,'2023-09-22'),(285,'B',1,'2023-09-20'),(286,'B',2,'2023-09-08'),(287,'B',1,'2023-09-29'),(288,'B',1,'2023-09-07'),(289,'A',3,'2023-09-02'),(290,'A',2,'2023-09-05'),(291,'B',2,'2023-09-15'),(292,'C',1,'2023-09-22'),(293,'A',1,'2023-09-22'),(294,'A',1,'2023-09-05'),(295,'A',3,'2023-09-11'),(296,'C',1,'2023-09-11'),(297,'A',2,'2023-09-19'),(298,'B',3,'2023-09-27'),(299,'B',2,'2023-09-13'),(300,'B',1,'2023-09-12'),(301,'C',3,'2023-09-12'),(302,'B',2,'2023-09-06'),(303,'A',3,'2023-09-23'),(304,'B',1,'2023-09-23'),(305,'B',1,'2023-09-29'),(306,'A',3,'2023-09-03'),(307,'B',1,'2023-09-06'),(308,'B',2,'2023-09-24'),(309,'C',3,'2023-09-10'),(310,'A',1,'2023-09-26'),(311,'C',2,'2023-09-08'),(312,'B',1,'2023-09-27'),(313,'C',3,'2023-09-10'),(314,'B',3,'2023-09-13'),(315,'A',2,'2023-09-23'),(316,'B',3,'2023-09-13'),(317,'A',1,'2023-09-21'),(318,'B',1,'2023-09-19'),(319,'A',2,'2023-09-22'),(320,'C',2,'2023-09-14'),(321,'A',3,'2023-09-23'),(322,'C',1,'2023-09-17'),(323,'B',2,'2023-09-29'),(324,'A',1,'2023-09-03'),(325,'B',3,'2023-09-03'),(326,'B',2,'2023-09-06'),(327,'C',1,'2023-09-09'),(328,'C',3,'2023-09-26'),(329,'A',2,'2023-09-21'),(330,'A',1,'2023-09-20'),(331,'A',1,'2023-09-03'),(332,'A',3,'2023-09-04'),(333,'A',3,'2023-09-11'),(335,'A',1,'2023-09-14'),(336,'B',3,'2023-09-09'),(337,'B',3,'2023-09-29'),(338,'B',2,'2023-09-09'),(339,'A',1,'2023-09-14'),(340,'B',2,'2023-09-22'),(341,'B',1,'2023-09-13'),(342,'B',2,'2023-09-01'),(343,'B',1,'2023-09-22'),(344,'B',2,'2023-09-26'),(345,'B',3,'2023-09-14'),(346,'C',3,'2023-09-20'),(347,'C',3,'2023-09-19'),(348,'C',1,'2023-09-20'),(349,'B',3,'2023-09-06'),(350,'B',2,'2023-09-21'),(351,'B',2,'2023-09-25'),(352,'C',3,'2023-09-04'),(353,'A',3,'2023-09-29'),(354,'B',1,'2023-09-07'),(355,'B',1,'2023-09-19'),(356,'A',3,'2023-09-08'),(357,'B',1,'2023-09-14'),(358,'B',1,'2023-09-24'),(359,'B',2,'2023-09-13'),(360,'A',2,'2023-09-02'),(361,'C',1,'2023-09-08'),(362,'A',3,'2023-09-28'),(363,'B',1,'2023-09-25'),(364,'B',2,'2023-09-02'),(365,'B',2,'2023-09-20'),(366,'C',1,'2023-09-26'),(367,'B',1,'2023-09-16'),(368,'C',1,'2023-09-24'),(369,'C',1,'2023-09-26'),(370,'A',3,'2023-09-07'),(371,'B',2,'2023-09-14'),(372,'B',2,'2023-09-12'),(373,'A',1,'2023-09-09'),(374,'A',2,'2023-09-08'),(375,'C',2,'2023-09-19'),(376,'B',1,'2023-09-23'),(377,'A',1,'2023-09-27'),(378,'A',2,'2023-09-15'),(379,'A',1,'2023-09-25'),(380,'C',1,'2023-09-20'),(381,'B',2,'2023-09-04'),(382,'B',3,'2023-09-28'),(383,'B',1,'2023-09-12'),(384,'B',2,'2023-09-16'),(385,'C',3,'2023-09-22'),(386,'C',3,'2023-09-29'),(387,'B',3,'2023-09-05'),(388,'C',1,'2023-09-05'),(389,'A',3,'2023-09-05'),(390,'A',3,'2023-09-22'),(391,'B',1,'2023-09-13'),(392,'C',1,'2023-09-18'),(393,'C',3,'2023-09-05'),(394,'A',2,'2023-09-19'),(395,'C',1,'2023-09-23'),(396,'C',2,'2023-09-04'),(397,'C',3,'2023-09-18'),(398,'A',2,'2023-09-16'),(399,'B',1,'2023-09-05'),(400,'B',2,'2023-09-30'),(401,'C',3,'2023-09-07'),(402,'C',3,'2023-09-24'),(403,'A',3,'2023-09-18'),(404,'A',3,'2023-09-24'),(405,'A',3,'2023-09-27'),(406,'B',1,'2023-09-20'),(407,'A',1,'2023-09-13'),(408,'C',2,'2023-09-06'),(409,'B',3,'2023-09-30'),(410,'B',2,'2023-09-20'),(411,'A',1,'2023-09-26'),(412,'B',1,'2023-09-06'),(413,'A',3,'2023-09-18'),(414,'B',3,'2023-09-12'),(415,'B',1,'2023-09-25'),(416,'B',1,'2023-09-09'),(417,'A',2,'2023-09-24'),(418,'A',3,'2023-09-26'),(419,'A',3,'2023-09-16'),(420,'B',2,'2023-09-24'),(421,'B',2,'2023-09-26'),(422,'B',3,'2023-09-04'),(423,'C',2,'2023-09-17'),(424,'C',1,'2023-09-30'),(425,'C',3,'2023-09-22'),(426,'A',1,'2023-09-20'),(427,'B',3,'2023-09-17'),(428,'C',2,'2023-09-12'),(429,'A',1,'2023-09-08'),(430,'A',3,'2023-09-30'),(431,'B',1,'2023-09-29'),(432,'B',2,'2023-09-21'),(433,'A',3,'2023-09-05'),(434,'A',1,'2023-09-24');
/*!40000 ALTER TABLE `sales` ENABLE KEYS */;
UNLOCK TABLES;
/*!40103 SET TIME_ZONE=@OLD_TIME_ZONE */;

/*!40101 SET SQL_MODE=@OLD_SQL_MODE */;
/*!40014 SET FOREIGN_KEY_CHECKS=@OLD_FOREIGN_KEY_CHECKS */;
/*!40014 SET UNIQUE_CHECKS=@OLD_UNIQUE_CHECKS */;
/*!40101 SET CHARACTER_SET_CLIENT=@OLD_CHARACTER_SET_CLIENT */;
/*!40101 SET CHARACTER_SET_RESULTS=@OLD_CHARACTER_SET_RESULTS */;
/*!40101 SET COLLATION_CONNECTION=@OLD_COLLATION_CONNECTION */;
/*!40111 SET SQL_NOTES=@OLD_SQL_NOTES */;

-- Dump completed on 2023-09-30 10:26:11